Date,Country,Total_cases,New_cases,Total_deaths,New_deaths
31/12/19,Austria,0,0,0,0
1/1/20,Austria,0,0,0,0
2/1/20,Austria,0,0,0,0
3/1/20,Austria,0,0,0,0
4/1/20,Austria,0,0,0,0
5/1/20,Austria,0,0,0,0
6/1/20,Austria,0,0,0,0
7/1/20,Austria,0,0,0,0
8/1/20,Austria,0,0,0,0
9/1/20,Austria,0,0,0,0
10/1/20,Austria,0,0,0,0
11/1/20,Austria,0,0,0,0
12/1/20,Austria,0,0,0,0
13/1/20,Austria,0,0,0,0
14/1/20,Austria,0,0,0,0
15/1/20,Austria,0,0,0,0
16/1/20,Austria,0,0,0,0
17/1/20,Austria,0,0,0,0
18/1/20,Austria,0,0,0,0
19/1/20,Austria,0,0,0,0
20/1/20,Austria,0,0,0,0
21/1/20,Austria,0,0,0,0
22/1/20,Austria,0,0,0,0
23/1/20,Austria,0,0,0,0
24/1/20,Austria,0,0,0,0
25/1/20,Austria,0,0,0,0
26/1/20,Austria,0,0,0,0
27/1/20,Austria,0,0,0,0
28/1/20,Austria,0,0,0,0
29/1/20,Austria,0,0,0,0
30/1/20,Austria,0,0,0,0
31/1/20,Austria,0,0,0,0
1/2/20,Austria,0,0,0,0
2/2/20,Austria,0,0,0,0
3/2/20,Austria,0,0,0,0
4/2/20,Austria,0,0,0,0
5/2/20,Austria,0,0,0,0
6/2/20,Austria,0,0,0,0
7/2/20,Austria,0,0,0,0
8/2/20,Austria,0,0,0,0
9/2/20,Austria,0,0,0,0
10/2/20,Austria,0,0,0,0
11/2/20,Austria,0,0,0,0
12/2/20,Austria,0,0,0,0
13/2/20,Austria,0,0,0,0
14/2/20,Austria,0,0,0,0
15/2/20,Austria,0,0,0,0
16/2/20,Austria,0,0,0,0
17/2/20,Austria,0,0,0,0
18/2/20,Austria,0,0,0,0
19/2/20,Austria,0,0,0,0
20/2/20,Austria,0,0,0,0
21/2/20,Austria,0,0,0,0
22/2/20,Austria,0,0,0,0
23/2/20,Austria,0,0,0,0
24/2/20,Austria,0,0,0,0
25/2/20,Austria,0,0,0,0
26/2/20,Austria,2,2,0,0
27/2/20,Austria,2,0,0,0
28/2/20,Austria,5,3,0,0
29/2/20,Austria,7,2,0,0
1/3/20,Austria,10,3,0,0
2/3/20,Austria,14,4,0,0
3/3/20,Austria,18,4,0,0
4/3/20,Austria,24,6,0,0
5/3/20,Austria,29,5,0,0
6/3/20,Austria,41,12,0,0
7/3/20,Austria,74,33,0,0
8/3/20,Austria,99,25,0,0
9/3/20,Austria,102,3,0,0
10/3/20,Austria,131,29,0,0
11/3/20,Austria,182,51,0,0
12/3/20,Austria,246,64,0,0
13/3/20,Austria,361,115,1,1
14/3/20,Austria,504,143,1,0
15/3/20,Austria,655,151,1,0
16/3/20,Austria,860,205,1,0
17/3/20,Austria,1016,156,3,2
18/3/20,Austria,1332,316,3,0
19/3/20,Austria,1646,314,4,1
20/3/20,Austria,2196,550,6,2
21/3/20,Austria,2649,453,6,0
22/3/20,Austria,3024,375,8,2
23/3/20,Austria,3631,607,16,8
24/3/20,Austria,4486,855,25,9
25/3/20,Austria,5282,796,30,5
26/3/20,Austria,5888,606,34,4
27/3/20,Austria,7029,1141,52,18
28/3/20,Austria,7697,668,68,16
29/3/20,Austria,8291,594,68,0
30/3/20,Austria,8813,522,86,18
31/3/20,Austria,9618,805,108,22
1/4/20,Austria,10182,564,128,20
2/4/20,Austria,10711,529,146,18
3/4/20,Austria,11129,418,158,12
4/4/20,Austria,11525,396,168,10
5/4/20,Austria,11766,241,186,18
6/4/20,Austria,11983,217,204,18
7/4/20,Austria,12297,314,220,16
8/4/20,Austria,12640,343,243,23
9/4/20,Austria,12969,329,273,30
10/4/20,Austria,13248,279,295,22
11/4/20,Austria,13560,312,319,24
12/4/20,Austria,13807,247,337,18
13/4/20,Austria,13937,130,350,13
14/4/20,Austria,14043,106,368,18
15/4/20,Austria,14234,191,384,16
16/4/20,Austria,14370,136,393,9
17/4/20,Austria,14448,78,410,17
18/4/20,Austria,14603,155,431,21
19/4/20,Austria,14662,59,443,12
20/4/20,Austria,14710,48,452,9
21/4/20,Austria,14783,73,462,10
22/4/20,Austria,14833,50,463,1
23/4/20,Austria,14924,91,494,31
24/4/20,Austria,14985,61,508,14
25/4/20,Austria,15068,83,513,5
26/4/20,Austria,15134,66,536,23
27/4/20,Austria,15189,55,542,6
28/4/20,Austria,15256,67,549,7
29/4/20,Austria,15314,58,569,20
30/4/20,Austria,15364,50,580,11
1/5/20,Austria,15424,60,584,4
2/5/20,Austria,15458,34,589,5
3/5/20,Austria,15470,12,596,7
4/5/20,Austria,15538,68,598,2
5/5/20,Austria,15569,31,600,2
6/5/20,Austria,15586,17,606,6
7/5/20,Austria,15651,65,608,2
8/5/20,Austria,15673,22,609,1
9/5/20,Austria,15735,62,614,5
10/5/20,Austria,15777,42,615,1
11/5/20,Austria,15787,10,618,3
12/5/20,Austria,15874,87,620,2
13/5/20,Austria,15910,36,623,3
14/5/20,Austria,15964,54,624,1
15/5/20,Austria,16005,41,626,2
16/5/20,Austria,16068,63,628,2
17/5/20,Austria,16140,72,628,0
18/5/20,Austria,16154,14,629,1
19/5/20,Austria,16179,25,629,0
20/5/20,Austria,16257,78,632,3
21/5/20,Austria,16275,18,633,1
22/5/20,Austria,16332,57,633,0
23/5/20,Austria,16361,29,635,2
24/5/20,Austria,16407,46,639,4
25/5/20,Austria,16439,32,640,1
26/5/20,Austria,16459,20,641,1
27/5/20,Austria,16497,38,643,2
28/5/20,Austria,16515,18,645,2
29/5/20,Austria,16543,28,668,23
30/5/20,Austria,16594,51,668,0
31/5/20,Austria,16638,44,668,0
1/6/20,Austria,16642,4,668,0
2/6/20,Austria,16663,21,668,0
3/6/20,Austria,16674,11,669,1
4/6/20,Austria,16705,31,670,1
5/6/20,Austria,16741,36,670,0
6/6/20,Austria,16803,62,672,2
7/6/20,Austria,16822,19,672,0
8/6/20,Austria,16868,46,672,0
9/6/20,Austria,16889,21,672,0
10/6/20,Austria,16902,13,672,0
11/6/20,Austria,16936,34,673,1
12/6/20,Austria,16964,28,674,1
13/6/20,Austria,16994,30,675,1
14/6/20,Austria,17014,20,677,2
15/6/20,Austria,17038,24,677,0
16/6/20,Austria,17065,27,678,1
17/6/20,Austria,17098,33,681,3
18/6/20,Austria,17115,17,687,6
19/6/20,Austria,17155,40,688,1
20/6/20,Austria,17185,30,688,0
21/6/20,Austria,17247,62,688,0
22/6/20,Austria,17285,38,690,2
23/6/20,Austria,17320,35,690,0
24/6/20,Austria,17351,31,693,3
25/6/20,Austria,17384,33,693,0
26/6/20,Austria,17431,47,698,5
27/6/20,Austria,17498,67,698,0
31/12/19,Iraq,0,0,0,0
1/1/20,Iraq,0,0,0,0
2/1/20,Iraq,0,0,0,0
3/1/20,Iraq,0,0,0,0
4/1/20,Iraq,0,0,0,0
5/1/20,Iraq,0,0,0,0
6/1/20,Iraq,0,0,0,0
7/1/20,Iraq,0,0,0,0
8/1/20,Iraq,0,0,0,0
9/1/20,Iraq,0,0,0,0
10/1/20,Iraq,0,0,0,0
11/1/20,Iraq,0,0,0,0
12/1/20,Iraq,0,0,0,0
13/1/20,Iraq,0,0,0,0
14/1/20,Iraq,0,0,0,0
15/1/20,Iraq,0,0,0,0
16/1/20,Iraq,0,0,0,0
17/1/20,Iraq,0,0,0,0
18/1/20,Iraq,0,0,0,0
19/1/20,Iraq,0,0,0,0
20/1/20,Iraq,0,0,0,0
21/1/20,Iraq,0,0,0,0
22/1/20,Iraq,0,0,0,0
23/1/20,Iraq,0,0,0,0
24/1/20,Iraq,0,0,0,0
25/1/20,Iraq,0,0,0,0
26/1/20,Iraq,0,0,0,0
27/1/20,Iraq,0,0,0,0
28/1/20,Iraq,0,0,0,0
29/1/20,Iraq,0,0,0,0
30/1/20,Iraq,0,0,0,0
31/1/20,Iraq,0,0,0,0
1/2/20,Iraq,0,0,0,0
2/2/20,Iraq,0,0,0,0
3/2/20,Iraq,0,0,0,0
4/2/20,Iraq,0,0,0,0
5/2/20,Iraq,0,0,0,0
6/2/20,Iraq,0,0,0,0
7/2/20,Iraq,0,0,0,0
8/2/20,Iraq,0,0,0,0
9/2/20,Iraq,0,0,0,0
10/2/20,Iraq,0,0,0,0
11/2/20,Iraq,0,0,0,0
12/2/20,Iraq,0,0,0,0
13/2/20,Iraq,0,0,0,0
14/2/20,Iraq,0,0,0,0
15/2/20,Iraq,0,0,0,0
16/2/20,Iraq,0,0,0,0
17/2/20,Iraq,0,0,0,0
18/2/20,Iraq,0,0,0,0
19/2/20,Iraq,0,0,0,0
20/2/20,Iraq,0,0,0,0
21/2/20,Iraq,0,0,0,0
22/2/20,Iraq,0,0,0,0
23/2/20,Iraq,0,0,0,0
24/2/20,Iraq,0,0,0,0
25/2/20,Iraq,1,1,0,0
26/2/20,Iraq,5,4,0,0
27/2/20,Iraq,5,0,0,0
28/2/20,Iraq,6,1,0,0
29/2/20,Iraq,7,1,0,0
1/3/20,Iraq,13,6,0,0
2/3/20,Iraq,19,6,0,0
3/3/20,Iraq,21,2,0,0
4/3/20,Iraq,26,5,0,0
5/3/20,Iraq,31,5,0,0
6/3/20,Iraq,38,7,2,2
8/3/20,Iraq,54,16,2,0
9/3/20,Iraq,61,7,6,4
11/3/20,Iraq,61,0,6,0
12/3/20,Iraq,70,9,8,2
13/3/20,Iraq,74,4,8,0
14/3/20,Iraq,85,11,9,1
15/3/20,Iraq,85,0,9,0
16/3/20,Iraq,124,39,9,0
17/3/20,Iraq,124,0,9,0
18/3/20,Iraq,154,30,11,2
19/3/20,Iraq,164,10,12,1
20/3/20,Iraq,177,13,12,0
21/3/20,Iraq,193,16,14,2
22/3/20,Iraq,214,21,17,3
23/3/20,Iraq,233,19,20,3
24/3/20,Iraq,266,33,23,3
25/3/20,Iraq,316,50,27,4
26/3/20,Iraq,346,30,29,2
27/3/20,Iraq,382,36,36,7
28/3/20,Iraq,458,76,40,4
29/3/20,Iraq,506,48,42,2
30/3/20,Iraq,547,41,42,0
31/3/20,Iraq,630,83,46,4
1/4/20,Iraq,694,64,50,4
2/4/20,Iraq,694,0,50,0
3/4/20,Iraq,772,78,54,4
4/4/20,Iraq,772,0,54,0
5/4/20,Iraq,878,106,56,2
6/4/20,Iraq,961,83,61,5
7/4/20,Iraq,1031,70,64,3
8/4/20,Iraq,1031,0,64,0
9/4/20,Iraq,1202,171,69,5
10/4/20,Iraq,1232,30,69,0
11/4/20,Iraq,1279,47,70,1
12/4/20,Iraq,1318,39,72,2
13/4/20,Iraq,1352,34,76,4
14/4/20,Iraq,1378,26,78,2
15/4/20,Iraq,1400,22,78,0
16/4/20,Iraq,1415,15,79,1
17/4/20,Iraq,1434,19,80,1
18/4/20,Iraq,1482,48,81,1
19/4/20,Iraq,1482,0,81,0
20/4/20,Iraq,1539,57,82,1
21/4/20,Iraq,1574,35,82,0
22/4/20,Iraq,1602,28,83,1
23/4/20,Iraq,1602,0,83,0
24/4/20,Iraq,1677,75,83,0
25/4/20,Iraq,1708,31,86,3
26/4/20,Iraq,1763,55,86,0
27/4/20,Iraq,1820,57,87,1
28/4/20,Iraq,1847,27,88,1
29/4/20,Iraq,1847,0,88,0
30/4/20,Iraq,2003,156,92,4
1/5/20,Iraq,2085,82,93,1
2/5/20,Iraq,2153,68,94,1
3/5/20,Iraq,2219,66,95,1
4/5/20,Iraq,2296,77,97,2
5/5/20,Iraq,2346,50,98,1
6/5/20,Iraq,2431,85,102,4
7/5/20,Iraq,2480,49,102,0
8/5/20,Iraq,2543,63,102,0
9/5/20,Iraq,2603,60,104,2
10/5/20,Iraq,2679,76,107,3
11/5/20,Iraq,2767,88,109,2
12/5/20,Iraq,2818,51,110,1
13/5/20,Iraq,2913,95,112,2
14/5/20,Iraq,3032,119,115,3
15/5/20,Iraq,3143,111,115,0
16/5/20,Iraq,3193,50,117,2
17/5/20,Iraq,3260,67,121,4
18/5/20,Iraq,3404,144,123,2
19/5/20,Iraq,3554,150,127,4
20/5/20,Iraq,3611,57,131,4
21/5/20,Iraq,3724,113,134,3
22/5/20,Iraq,3877,153,140,6
23/5/20,Iraq,3964,87,147,7
24/5/20,Iraq,4272,308,152,5
25/5/20,Iraq,4469,197,160,8
26/5/20,Iraq,4632,163,163,3
27/5/20,Iraq,4848,216,169,6
28/5/20,Iraq,5135,287,175,6
29/5/20,Iraq,5457,322,179,4
30/5/20,Iraq,5873,416,185,6
31/5/20,Iraq,6179,306,195,10
1/6/20,Iraq,6439,260,205,10
2/6/20,Iraq,6868,429,215,10
3/6/20,Iraq,7387,519,235,20
4/6/20,Iraq,8168,781,256,21
5/6/20,Iraq,8840,672,271,15
6/6/20,Iraq,9846,1006,285,14
7/6/20,Iraq,11098,1252,318,33
8/6/20,Iraq,12366,1268,346,28
9/6/20,Iraq,13481,1115,370,24
10/6/20,Iraq,14268,787,392,22
11/6/20,Iraq,15414,1146,426,34
12/6/20,Iraq,16675,1261,457,31
13/6/20,Iraq,17770,1095,496,39
14/6/20,Iraq,18950,1180,549,53
15/6/20,Iraq,20209,1259,607,58
16/6/20,Iraq,21315,1106,652,45
17/6/20,Iraq,22700,1385,712,60
18/6/20,Iraq,24254,1554,773,61
19/6/20,Iraq,25717,1463,856,83
20/6/20,Iraq,25717,0,856,0
21/6/20,Iraq,29222,3505,1013,157
22/6/20,Iraq,30868,1646,1100,87
23/6/20,Iraq,32676,1808,1167,67
24/6/20,Iraq,34502,1826,1251,84
25/6/20,Iraq,36702,2200,1330,79
26/6/20,Iraq,39139,2437,1437,107
27/6/20,Iraq,41193,2054,1559,122
31/12/19,Israel,0,0,0,0
1/1/20,Israel,0,0,0,0
2/1/20,Israel,0,0,0,0
3/1/20,Israel,0,0,0,0
4/1/20,Israel,0,0,0,0
5/1/20,Israel,0,0,0,0
6/1/20,Israel,0,0,0,0
7/1/20,Israel,0,0,0,0
8/1/20,Israel,0,0,0,0
9/1/20,Israel,0,0,0,0
10/1/20,Israel,0,0,0,0
11/1/20,Israel,0,0,0,0
12/1/20,Israel,0,0,0,0
13/1/20,Israel,0,0,0,0
14/1/20,Israel,0,0,0,0
15/1/20,Israel,0,0,0,0
16/1/20,Israel,0,0,0,0
17/1/20,Israel,0,0,0,0
18/1/20,Israel,0,0,0,0
19/1/20,Israel,0,0,0,0
20/1/20,Israel,0,0,0,0
21/1/20,Israel,0,0,0,0
22/1/20,Israel,0,0,0,0
23/1/20,Israel,0,0,0,0
24/1/20,Israel,0,0,0,0
25/1/20,Israel,0,0,0,0
26/1/20,Israel,0,0,0,0
27/1/20,Israel,0,0,0,0
28/1/20,Israel,0,0,0,0
29/1/20,Israel,0,0,0,0
30/1/20,Israel,0,0,0,0
31/1/20,Israel,0,0,0,0
1/2/20,Israel,0,0,0,0
2/2/20,Israel,0,0,0,0
3/2/20,Israel,0,0,0,0
4/2/20,Israel,0,0,0,0
5/2/20,Israel,0,0,0,0
6/2/20,Israel,0,0,0,0
7/2/20,Israel,0,0,0,0
8/2/20,Israel,0,0,0,0
9/2/20,Israel,0,0,0,0
10/2/20,Israel,0,0,0,0
11/2/20,Israel,0,0,0,0
12/2/20,Israel,0,0,0,0
13/2/20,Israel,0,0,0,0
14/2/20,Israel,0,0,0,0
15/2/20,Israel,0,0,0,0
16/2/20,Israel,0,0,0,0
17/2/20,Israel,0,0,0,0
18/2/20,Israel,0,0,0,0
19/2/20,Israel,0,0,0,0
20/2/20,Israel,0,0,0,0
21/2/20,Israel,0,0,0,0
22/2/20,Israel,1,1,0,0
23/2/20,Israel,1,0,0,0
24/2/20,Israel,2,1,0,0
25/2/20,Israel,2,0,0,0
26/2/20,Israel,2,0,0,0
27/2/20,Israel,2,0,0,0
28/2/20,Israel,3,1,0,0
29/2/20,Israel,7,4,0,0
1/3/20,Israel,7,0,0,0
2/3/20,Israel,10,3,0,0
3/3/20,Israel,NaN,NaN,NaN,NaN
4/3/20,Israel,NaN,NaN,NaN,NaN
5/3/20,Israel,15,5,0,0
6/3/20,Israel,17,2,0,0
7/3/20,Israel,19,2,0,0
8/3/20,Israel,25,6,0,0
9/3/20,Israel,39,14,0,0
10/3/20,Israel,NaN,NaN,NaN,NaN
11/3/20,Israel,70,31,0,0
12/3/20,Israel,82,12,0,0
13/3/20,Israel,96,14,0,0
14/3/20,Israel,116,20,0,0
15/3/20,Israel,178,62,0,0
16/3/20,Israel,250,72,0,0
17/3/20,Israel,260,10,0,0
18/3/20,Israel,427,167,0,0
19/3/20,Israel,433,6,0,0
20/3/20,Israel,677,244,0,0
21/3/20,Israel,712,35,1,1
22/3/20,Israel,883,171,1,0
23/3/20,Israel,1071,188,1,0
24/3/20,Israel,1442,371,1,0
25/3/20,Israel,1930,488,3,2
26/3/20,Israel,2369,439,5,2
27/3/20,Israel,2666,297,8,3
28/3/20,Israel,3035,369,10,2
29/3/20,Israel,3619,584,12,2
30/3/20,Israel,4247,628,15,3
31/3/20,Israel,4473,226,17,2
1/4/20,Israel,4916,443,20,3
2/4/20,Israel,5591,675,21,1
3/4/20,Israel,6252,661,34,13
4/4/20,Israel,7428,1176,39,5
5/4/20,Israel,8018,590,46,7
6/4/20,Israel,8430,412,49,3
7/4/20,Israel,8904,474,57,8
8/4/20,Israel,9248,344,65,8
9/4/20,Israel,9404,156,71,6
10/4/20,Israel,9968,564,86,15
11/4/20,Israel,10408,440,95,9
12/4/20,Israel,10743,335,101,6
13/4/20,Israel,11145,402,103,2
14/4/20,Israel,11586,441,116,13
15/4/20,Israel,12046,460,123,7
16/4/20,Israel,12501,455,130,7
17/4/20,Israel,12758,257,142,12
18/4/20,Israel,12982,224,151,9
19/4/20,Israel,13265,283,164,13
20/4/20,Israel,13491,226,172,8
21/4/20,Israel,13713,222,177,5
22/4/20,Israel,13942,229,184,7
23/4/20,Israel,14592,650,191,7
24/4/20,Israel,14882,290,193,2
25/4/20,Israel,15058,176,194,1
26/4/20,Israel,15298,240,199,5
27/4/20,Israel,15398,100,199,0
28/4/20,Israel,15466,68,202,3
29/4/20,Israel,15589,123,208,6
30/4/20,Israel,15834,245,215,7
1/5/20,Israel,15946,112,222,7
2/5/20,Israel,16101,155,225,3
3/5/20,Israel,16185,84,229,4
4/5/20,Israel,16208,23,232,3
5/5/20,Israel,16246,38,235,3
6/5/20,Israel,16289,43,238,3
7/5/20,Israel,16310,21,239,1
8/5/20,Israel,16381,71,240,1
9/5/20,Israel,16436,55,245,5
10/5/20,Israel,16454,18,247,2
11/5/20,Israel,16477,23,252,5
12/5/20,Israel,16506,29,258,6
13/5/20,Israel,16529,23,260,2
14/5/20,Israel,16548,19,264,4
15/5/20,Israel,16579,31,265,1
16/5/20,Israel,16589,10,266,1
17/5/20,Israel,16608,19,268,2
18/5/20,Israel,16617,9,272,4
19/5/20,Israel,16621,4,272,0
20/5/20,Israel,16650,29,277,5
21/5/20,Israel,16670,20,279,2
22/5/20,Israel,16690,20,279,0
23/5/20,Israel,16690,0,279,0
24/5/20,Israel,16690,0,279,0
25/5/20,Israel,16720,30,280,1
26/5/20,Israel,16734,14,281,1
27/5/20,Israel,16757,23,281,0
28/5/20,Israel,16793,36,281,0
29/5/20,Israel,16872,79,284,3
30/5/20,Israel,16987,115,284,0
31/5/20,Israel,17012,25,284,0
1/6/20,Israel,17071,59,285,1
2/6/20,Israel,17219,148,287,2
3/6/20,Israel,17342,123,290,3
4/6/20,Israel,17429,87,291,1
5/6/20,Israel,17562,133,291,0
6/6/20,Israel,17706,144,292,1
7/6/20,Israel,17783,77,297,5
8/6/20,Israel,17915,132,298,1
9/6/20,Israel,18089,174,298,0
10/6/20,Israel,18268,179,299,1
11/6/20,Israel,18355,87,299,0
12/6/20,Israel,18701,346,300,1
13/6/20,Israel,18876,175,300,0
14/6/20,Israel,19008,132,300,0
15/6/20,Israel,19121,113,302,2
16/6/20,Israel,19338,217,302,0
17/6/20,Israel,19637,299,303,1
18/6/20,Israel,19894,257,303,0
19/6/20,Israel,20036,142,303,0
20/6/20,Israel,20339,303,304,1
21/6/20,Israel,20633,294,305,1
22/6/20,Israel,20778,145,306,1
23/6/20,Israel,21082,304,307,1
24/6/20,Israel,21512,430,308,1
25/6/20,Israel,22044,532,308,0
26/6/20,Israel,22400,356,309,1
27/6/20,Israel,22800,400,314,5
31/12/19,Italy,0,0,0,0
1/1/20,Italy,0,0,0,0
2/1/20,Italy,0,0,0,0
3/1/20,Italy,0,0,0,0
4/1/20,Italy,0,0,0,0
5/1/20,Italy,0,0,0,0
6/1/20,Italy,0,0,0,0
7/1/20,Italy,0,0,0,0
8/1/20,Italy,0,0,0,0
9/1/20,Italy,0,0,0,0
10/1/20,Italy,0,0,0,0
11/1/20,Italy,0,0,0,0
12/1/20,Italy,0,0,0,0
13/1/20,Italy,0,0,0,0
14/1/20,Italy,0,0,0,0
15/1/20,Italy,0,0,0,0
16/1/20,Italy,0,0,0,0
17/1/20,Italy,0,0,0,0
18/1/20,Italy,0,0,0,0
19/1/20,Italy,0,0,0,0
20/1/20,Italy,0,0,0,0
21/1/20,Italy,0,0,0,0
22/1/20,Italy,0,0,0,0
23/1/20,Italy,0,0,0,0
24/1/20,Italy,0,0,0,0
25/1/20,Italy,0,0,0,0
26/1/20,Italy,0,0,0,0
27/1/20,Italy,0,0,0,0
28/1/20,Italy,0,0,0,0
29/1/20,Italy,0,0,0,0
30/1/20,Italy,0,0,0,0
31/1/20,Italy,3,3,0,0
1/2/20,Italy,3,0,0,0
2/2/20,Italy,3,0,0,0
3/2/20,Italy,3,0,0,0
4/2/20,Italy,3,0,0,0
5/2/20,Italy,3,0,0,0
6/2/20,Italy,3,0,0,0
7/2/20,Italy,3,0,0,0
8/2/20,Italy,3,0,0,0
9/2/20,Italy,3,0,0,0
10/2/20,Italy,3,0,0,0
11/2/20,Italy,3,0,0,0
12/2/20,Italy,3,0,0,0
13/2/20,Italy,3,0,0,0
14/2/20,Italy,3,0,0,0
15/2/20,Italy,3,0,0,0
16/2/20,Italy,3,0,0,0
17/2/20,Italy,3,0,0,0
18/2/20,Italy,3,0,0,0
19/2/20,Italy,3,0,0,0
20/2/20,Italy,3,0,0,0
21/2/20,Italy,3,0,0,0
22/2/20,Italy,17,14,0,0
23/2/20,Italy,79,62,2,2
24/2/20,Italy,132,53,2,0
25/2/20,Italy,229,97,6,4
26/2/20,Italy,322,93,11,5
27/2/20,Italy,400,78,12,1
28/2/20,Italy,650,250,17,5
29/2/20,Italy,888,238,21,4
1/3/20,Italy,1128,240,29,8
2/3/20,Italy,1689,561,35,6
3/3/20,Italy,2036,347,52,17
4/3/20,Italy,2502,466,80,28
5/3/20,Italy,3089,587,107,27
6/3/20,Italy,3858,769,148,41
7/3/20,Italy,4636,778,197,49
8/3/20,Italy,5883,1247,233,36
9/3/20,Italy,7375,1492,366,133
10/3/20,Italy,9172,1797,464,98
11/3/20,Italy,10149,977,631,167
12/3/20,Italy,12462,2313,827,196
13/3/20,Italy,15113,2651,1016,189
14/3/20,Italy,17660,2547,1268,252
15/3/20,Italy,21157,3497,1441,173
16/3/20,Italy,23980,2823,1811,370
17/3/20,Italy,27980,4000,2158,347
18/3/20,Italy,31506,3526,2505,347
19/3/20,Italy,35713,4207,2978,473
20/3/20,Italy,41035,5322,3407,429
21/3/20,Italy,47021,5986,4032,625
22/3/20,Italy,53578,6557,4827,795
23/3/20,Italy,59138,5560,5476,649
24/3/20,Italy,63927,4789,6077,601
25/3/20,Italy,69176,5249,6820,743
26/3/20,Italy,74386,5210,7505,685
27/3/20,Italy,80539,6153,8165,660
28/3/20,Italy,86498,5959,9136,971
29/3/20,Italy,92472,5974,10023,887
30/3/20,Italy,97689,5217,10781,758
31/3/20,Italy,101739,4050,11591,810
1/4/20,Italy,105792,4053,12430,839
2/4/20,Italy,110574,4782,13157,727
3/4/20,Italy,115242,4668,13917,760
4/4/20,Italy,119827,4585,14681,764
5/4/20,Italy,124632,4805,15362,681
6/4/20,Italy,128948,4316,15889,527
7/4/20,Italy,132547,3599,16525,636
8/4/20,Italy,135586,3039,17129,604
9/4/20,Italy,139422,3836,17669,540
10/4/20,Italy,143626,4204,18281,612
11/4/20,Italy,147577,3951,18851,570
12/4/20,Italy,152271,4694,19470,619
13/4/20,Italy,156363,4092,19901,431
14/4/20,Italy,159516,3153,20465,564
15/4/20,Italy,162488,2972,21069,604
16/4/20,Italy,165155,2667,21647,578
17/4/20,Italy,168941,3786,22172,525
18/4/20,Italy,172434,3493,22747,575
19/4/20,Italy,175925,3491,23227,480
20/4/20,Italy,178972,3047,23660,433
21/4/20,Italy,181228,2256,24114,454
22/4/20,Italy,183957,2729,24648,534
23/4/20,Italy,187327,3370,25085,437
24/4/20,Italy,189973,2646,25549,464
25/4/20,Italy,192994,3021,25969,420
26/4/20,Italy,195351,2357,26384,415
27/4/20,Italy,197675,2324,26644,260
28/4/20,Italy,199414,1739,26977,333
29/4/20,Italy,201505,2091,27359,382
30/4/20,Italy,203591,2086,27682,323
1/5/20,Italy,205463,1872,27967,285
2/5/20,Italy,207428,1965,28236,269
3/5/20,Italy,209328,1900,28710,474
4/5/20,Italy,210717,1389,28884,174
5/5/20,Italy,211938,1221,29079,195
6/5/20,Italy,213013,1075,29315,236
7/5/20,Italy,214457,1444,29684,369
8/5/20,Italy,215858,1401,29958,274
9/5/20,Italy,217185,1327,30201,243
10/5/20,Italy,218268,1083,30395,194
11/5/20,Italy,219070,802,30560,165
12/5/20,Italy,219814,744,30739,179
13/5/20,Italy,221216,1402,30911,172
14/5/20,Italy,222104,888,31106,195
15/5/20,Italy,223096,992,31368,262
16/5/20,Italy,223885,789,31610,242
17/5/20,Italy,224760,875,31763,153
18/5/20,Italy,225435,675,31908,145
19/5/20,Italy,225886,451,32007,99
20/5/20,Italy,226699,813,32169,162
21/5/20,Italy,227364,665,32330,161
22/5/20,Italy,228006,642,32486,156
23/5/20,Italy,228658,652,32616,130
24/5/20,Italy,229327,669,32735,119
25/5/20,Italy,229858,531,32785,50
26/5/20,Italy,230158,300,32877,92
27/5/20,Italy,230555,397,32955,78
28/5/20,Italy,231139,584,33072,117
29/5/20,Italy,231732,593,33142,70
30/5/20,Italy,232248,516,33229,87
31/5/20,Italy,232664,416,33340,111
1/6/20,Italy,233019,355,33415,75
2/6/20,Italy,233197,178,33475,60
3/6/20,Italy,233515,318,33530,55
4/6/20,Italy,233836,321,33601,71
5/6/20,Italy,234013,177,33689,88
6/6/20,Italy,234531,518,33774,85
7/6/20,Italy,234801,270,33846,72
8/6/20,Italy,234998,197,33899,53
9/6/20,Italy,235278,280,33964,65
10/6/20,Italy,235561,283,34043,79
11/6/20,Italy,235763,202,34114,71
12/6/20,Italy,236142,379,34167,53
13/6/20,Italy,236305,163,34223,56
14/6/20,Italy,236651,346,34301,78
15/6/20,Italy,236989,338,34345,44
16/6/20,Italy,237290,301,34371,26
17/6/20,Italy,237500,210,34405,34
18/6/20,Italy,237828,328,34448,43
19/6/20,Italy,238159,331,34514,66
20/6/20,Italy,238011,-148,34561,47
21/6/20,Italy,238275,264,34610,49
22/6/20,Italy,238499,224,34634,24
23/6/20,Italy,238720,221,34657,23
24/6/20,Italy,238833,113,34675,18
25/6/20,Italy,239410,577,34644,-31
26/6/20,Italy,239706,296,34678,34
27/6/20,Italy,239961,255,34708,30
31/12/19,Jordan,NaN,NaN,NaN,NaN
1/1/20,Jordan,NaN,NaN,NaN,NaN
2/1/20,Jordan,NaN,NaN,NaN,NaN
3/1/20,Jordan,NaN,NaN,NaN,NaN
4/1/20,Jordan,NaN,NaN,NaN,NaN
5/1/20,Jordan,NaN,NaN,NaN,NaN
6/1/20,Jordan,NaN,NaN,NaN,NaN
7/1/20,Jordan,NaN,NaN,NaN,NaN
8/1/20,Jordan,NaN,NaN,NaN,NaN
9/1/20,Jordan,NaN,NaN,NaN,NaN
10/1/20,Jordan,NaN,NaN,NaN,NaN
11/1/20,Jordan,NaN,NaN,NaN,NaN
12/1/20,Jordan,NaN,NaN,NaN,NaN
13/1/20,Jordan,NaN,NaN,NaN,NaN
14/1/20,Jordan,NaN,NaN,NaN,NaN
15/1/20,Jordan,NaN,NaN,NaN,NaN
16/1/20,Jordan,NaN,NaN,NaN,NaN
17/1/20,Jordan,NaN,NaN,NaN,NaN
18/1/20,Jordan,NaN,NaN,NaN,NaN
19/1/20,Jordan,NaN,NaN,NaN,NaN
20/1/20,Jordan,NaN,NaN,NaN,NaN
21/1/20,Jordan,NaN,NaN,NaN,NaN
22/1/20,Jordan,NaN,NaN,NaN,NaN
23/1/20,Jordan,NaN,NaN,NaN,NaN
24/1/20,Jordan,NaN,NaN,NaN,NaN
25/1/20,Jordan,NaN,NaN,NaN,NaN
26/1/20,Jordan,NaN,NaN,NaN,NaN
27/1/20,Jordan,NaN,NaN,NaN,NaN
28/1/20,Jordan,NaN,NaN,NaN,NaN
29/1/20,Jordan,NaN,NaN,NaN,NaN
30/1/20,Jordan,NaN,NaN,NaN,NaN
31/1/20,Jordan,NaN,NaN,NaN,NaN
1/2/20,Jordan,NaN,NaN,NaN,NaN
2/2/20,Jordan,NaN,NaN,NaN,NaN
3/2/20,Jordan,NaN,NaN,NaN,NaN
4/2/20,Jordan,NaN,NaN,NaN,NaN
5/2/20,Jordan,NaN,NaN,NaN,NaN
6/2/20,Jordan,NaN,NaN,NaN,NaN
7/2/20,Jordan,NaN,NaN,NaN,NaN
8/2/20,Jordan,NaN,NaN,NaN,NaN
9/2/20,Jordan,NaN,NaN,NaN,NaN
10/2/20,Jordan,NaN,NaN,NaN,NaN
11/2/20,Jordan,NaN,NaN,NaN,NaN
12/2/20,Jordan,NaN,NaN,NaN,NaN
13/2/20,Jordan,NaN,NaN,NaN,NaN
14/2/20,Jordan,NaN,NaN,NaN,NaN
15/2/20,Jordan,NaN,NaN,NaN,NaN
16/2/20,Jordan,NaN,NaN,NaN,NaN
17/2/20,Jordan,NaN,NaN,NaN,NaN
18/2/20,Jordan,NaN,NaN,NaN,NaN
19/2/20,Jordan,NaN,NaN,NaN,NaN
20/2/20,Jordan,NaN,NaN,NaN,NaN
21/2/20,Jordan,NaN,NaN,NaN,NaN
22/2/20,Jordan,NaN,NaN,NaN,NaN
23/2/20,Jordan,NaN,NaN,NaN,NaN
24/2/20,Jordan,NaN,NaN,NaN,NaN
25/2/20,Jordan,NaN,NaN,NaN,NaN
26/2/20,Jordan,NaN,NaN,NaN,NaN
27/2/20,Jordan,NaN,NaN,NaN,NaN
28/2/20,Jordan,NaN,NaN,NaN,NaN
29/2/20,Jordan,NaN,NaN,NaN,NaN
1/3/20,Jordan,NaN,NaN,NaN,NaN
2/3/20,Jordan,NaN,NaN,NaN,NaN
3/3/20,Jordan,1,1,0,0
8/3/20,Jordan,1,0,0,0
15/3/20,Jordan,1,0,0,0
16/3/20,Jordan,15,14,0,0
17/3/20,Jordan,16,1,0,0
18/3/20,Jordan,35,19,0,0
19/3/20,Jordan,52,17,0,0
20/3/20,Jordan,56,4,0,0
21/3/20,Jordan,69,13,0,0
22/3/20,Jordan,84,15,0,0
23/3/20,Jordan,99,15,0,0
24/3/20,Jordan,112,13,0,0
25/3/20,Jordan,127,15,0,0
26/3/20,Jordan,153,26,0,0
27/3/20,Jordan,172,19,0,0
28/3/20,Jordan,212,40,0,0
29/3/20,Jordan,235,23,1,1
30/3/20,Jordan,259,24,1,0
31/3/20,Jordan,268,9,5,4
1/4/20,Jordan,274,6,5,0
2/4/20,Jordan,278,4,5,0
3/4/20,Jordan,299,21,5,0
4/4/20,Jordan,299,0,5,0
5/4/20,Jordan,323,24,5,0
6/4/20,Jordan,345,22,5,0
7/4/20,Jordan,349,4,6,1
8/4/20,Jordan,349,0,6,0
9/4/20,Jordan,358,9,6,0
10/4/20,Jordan,372,14,7,1
11/4/20,Jordan,372,0,7,0
12/4/20,Jordan,381,9,7,0
13/4/20,Jordan,389,8,7,0
14/4/20,Jordan,391,2,7,0
15/4/20,Jordan,397,6,7,0
16/4/20,Jordan,401,4,7,0
17/4/20,Jordan,402,1,7,0
18/4/20,Jordan,407,5,7,0
19/4/20,Jordan,413,6,7,0
20/4/20,Jordan,417,4,7,0
21/4/20,Jordan,425,8,7,0
22/4/20,Jordan,425,0,7,0
23/4/20,Jordan,428,3,7,0
24/4/20,Jordan,437,9,7,0
25/4/20,Jordan,441,4,7,0
26/4/20,Jordan,444,3,7,0
27/4/20,Jordan,447,3,7,0
28/4/20,Jordan,449,2,7,0
29/4/20,Jordan,449,0,8,1
30/4/20,Jordan,451,2,8,0
1/5/20,Jordan,453,2,8,0
2/5/20,Jordan,459,6,8,0
3/5/20,Jordan,460,1,9,1
4/5/20,Jordan,461,1,9,0
5/5/20,Jordan,465,4,9,0
6/5/20,Jordan,471,6,9,0
7/5/20,Jordan,473,2,9,0
8/5/20,Jordan,494,21,9,0
9/5/20,Jordan,508,14,9,0
10/5/20,Jordan,522,14,9,0
11/5/20,Jordan,540,18,9,0
12/5/20,Jordan,562,22,9,0
13/5/20,Jordan,576,14,9,0
14/5/20,Jordan,582,6,9,0
15/5/20,Jordan,586,4,9,0
16/5/20,Jordan,596,10,9,0
17/5/20,Jordan,607,11,9,0
18/5/20,Jordan,613,6,9,0
19/5/20,Jordan,629,16,9,0
20/5/20,Jordan,649,20,9,0
21/5/20,Jordan,672,23,9,0
22/5/20,Jordan,684,12,9,0
23/5/20,Jordan,700,16,9,0
24/5/20,Jordan,704,4,9,0
25/5/20,Jordan,708,4,9,0
26/5/20,Jordan,711,3,9,0
27/5/20,Jordan,718,7,9,0
28/5/20,Jordan,720,2,9,0
29/5/20,Jordan,728,8,9,0
30/5/20,Jordan,730,2,9,0
31/5/20,Jordan,734,4,9,0
1/6/20,Jordan,739,5,9,0
2/6/20,Jordan,746,7,9,0
3/6/20,Jordan,755,9,9,0
4/6/20,Jordan,757,2,9,0
5/6/20,Jordan,765,8,9,0
6/6/20,Jordan,784,19,9,0
7/6/20,Jordan,795,11,9,0
8/6/20,Jordan,808,13,9,0
9/6/20,Jordan,831,23,9,0
10/6/20,Jordan,845,14,9,0
11/6/20,Jordan,863,18,9,0
12/6/20,Jordan,890,27,9,0
13/6/20,Jordan,915,25,9,0
14/6/20,Jordan,953,38,9,0
15/6/20,Jordan,961,8,9,0
16/6/20,Jordan,979,18,9,0
17/6/20,Jordan,981,2,9,0
18/6/20,Jordan,987,6,9,0
19/6/20,Jordan,1001,14,9,0
20/6/20,Jordan,1008,7,9,0
21/6/20,Jordan,1015,7,9,0
22/6/20,Jordan,1033,18,9,0
23/6/20,Jordan,1042,9,9,0
24/6/20,Jordan,1047,5,9,0
25/6/20,Jordan,1071,24,9,0
26/6/20,Jordan,1086,15,9,0
27/6/20,Jordan,1104,18,9,0
31/12/19,Kazakhstan,NaN,NaN,NaN,NaN
1/1/20,Kazakhstan,NaN,NaN,NaN,NaN
2/1/20,Kazakhstan,NaN,NaN,NaN,NaN
3/1/20,Kazakhstan,NaN,NaN,NaN,NaN
4/1/20,Kazakhstan,NaN,NaN,NaN,NaN
5/1/20,Kazakhstan,NaN,NaN,NaN,NaN
6/1/20,Kazakhstan,NaN,NaN,NaN,NaN
7/1/20,Kazakhstan,NaN,NaN,NaN,NaN
8/1/20,Kazakhstan,NaN,NaN,NaN,NaN
9/1/20,Kazakhstan,NaN,NaN,NaN,NaN
10/1/20,Kazakhstan,NaN,NaN,NaN,NaN
11/1/20,Kazakhstan,NaN,NaN,NaN,NaN
12/1/20,Kazakhstan,NaN,NaN,NaN,NaN
13/1/20,Kazakhstan,NaN,NaN,NaN,NaN
14/1/20,Kazakhstan,NaN,NaN,NaN,NaN
15/1/20,Kazakhstan,NaN,NaN,NaN,NaN
16/1/20,Kazakhstan,NaN,NaN,NaN,NaN
17/1/20,Kazakhstan,NaN,NaN,NaN,NaN
18/1/20,Kazakhstan,NaN,NaN,NaN,NaN
19/1/20,Kazakhstan,NaN,NaN,NaN,NaN
20/1/20,Kazakhstan,NaN,NaN,NaN,NaN
21/1/20,Kazakhstan,NaN,NaN,NaN,NaN
22/1/20,Kazakhstan,NaN,NaN,NaN,NaN
23/1/20,Kazakhstan,NaN,NaN,NaN,NaN
24/1/20,Kazakhstan,NaN,NaN,NaN,NaN
25/1/20,Kazakhstan,NaN,NaN,NaN,NaN
26/1/20,Kazakhstan,NaN,NaN,NaN,NaN
27/1/20,Kazakhstan,NaN,NaN,NaN,NaN
28/1/20,Kazakhstan,NaN,NaN,NaN,NaN
29/1/20,Kazakhstan,NaN,NaN,NaN,NaN
30/1/20,Kazakhstan,NaN,NaN,NaN,NaN
31/1/20,Kazakhstan,NaN,NaN,NaN,NaN
1/2/20,Kazakhstan,NaN,NaN,NaN,NaN
2/2/20,Kazakhstan,NaN,NaN,NaN,NaN
3/2/20,Kazakhstan,NaN,NaN,NaN,NaN
4/2/20,Kazakhstan,NaN,NaN,NaN,NaN
5/2/20,Kazakhstan,NaN,NaN,NaN,NaN
6/2/20,Kazakhstan,NaN,NaN,NaN,NaN
7/2/20,Kazakhstan,NaN,NaN,NaN,NaN
8/2/20,Kazakhstan,NaN,NaN,NaN,NaN
9/2/20,Kazakhstan,NaN,NaN,NaN,NaN
10/2/20,Kazakhstan,NaN,NaN,NaN,NaN
11/2/20,Kazakhstan,NaN,NaN,NaN,NaN
12/2/20,Kazakhstan,NaN,NaN,NaN,NaN
13/2/20,Kazakhstan,NaN,NaN,NaN,NaN
14/2/20,Kazakhstan,NaN,NaN,NaN,NaN
15/2/20,Kazakhstan,NaN,NaN,NaN,NaN
16/2/20,Kazakhstan,NaN,NaN,NaN,NaN
17/2/20,Kazakhstan,NaN,NaN,NaN,NaN
18/2/20,Kazakhstan,NaN,NaN,NaN,NaN
19/2/20,Kazakhstan,NaN,NaN,NaN,NaN
20/2/20,Kazakhstan,NaN,NaN,NaN,NaN
21/2/20,Kazakhstan,NaN,NaN,NaN,NaN
22/2/20,Kazakhstan,NaN,NaN,NaN,NaN
23/2/20,Kazakhstan,NaN,NaN,NaN,NaN
24/2/20,Kazakhstan,NaN,NaN,NaN,NaN
25/2/20,Kazakhstan,NaN,NaN,NaN,NaN
26/2/20,Kazakhstan,NaN,NaN,NaN,NaN
27/2/20,Kazakhstan,NaN,NaN,NaN,NaN
28/2/20,Kazakhstan,NaN,NaN,NaN,NaN
29/2/20,Kazakhstan,NaN,NaN,NaN,NaN
1/3/20,Kazakhstan,NaN,NaN,NaN,NaN
2/3/20,Kazakhstan,NaN,NaN,NaN,NaN
3/3/20,Kazakhstan,NaN,NaN,NaN,NaN
4/3/20,Kazakhstan,NaN,NaN,NaN,NaN
5/3/20,Kazakhstan,NaN,NaN,NaN,NaN
6/3/20,Kazakhstan,NaN,NaN,NaN,NaN
7/3/20,Kazakhstan,NaN,NaN,NaN,NaN
8/3/20,Kazakhstan,NaN,NaN,NaN,NaN
9/3/20,Kazakhstan,NaN,NaN,NaN,NaN
10/3/20,Kazakhstan,NaN,NaN,NaN,NaN
11/3/20,Kazakhstan,NaN,NaN,NaN,NaN
12/3/20,Kazakhstan,NaN,NaN,NaN,NaN
13/3/20,Kazakhstan,NaN,NaN,NaN,NaN
14/3/20,Kazakhstan,NaN,NaN,NaN,NaN
15/3/20,Kazakhstan,6,6,0,0
16/3/20,Kazakhstan,9,3,0,0
17/3/20,Kazakhstan,11,2,0,0
18/3/20,Kazakhstan,33,22,0,0
19/3/20,Kazakhstan,37,4,0,0
20/3/20,Kazakhstan,49,12,0,0
21/3/20,Kazakhstan,53,4,0,0
22/3/20,Kazakhstan,56,3,0,0
23/3/20,Kazakhstan,60,4,0,0
24/3/20,Kazakhstan,62,2,0,0
25/3/20,Kazakhstan,79,17,0,0
26/3/20,Kazakhstan,88,9,0,0
27/3/20,Kazakhstan,120,32,0,0
28/3/20,Kazakhstan,193,73,0,0
29/3/20,Kazakhstan,229,36,0,0
30/3/20,Kazakhstan,284,55,1,1
31/3/20,Kazakhstan,325,41,1,0
1/4/20,Kazakhstan,340,15,1,0
2/4/20,Kazakhstan,348,8,2,1
3/4/20,Kazakhstan,386,38,3,1
4/4/20,Kazakhstan,460,74,3,0
5/4/20,Kazakhstan,460,0,3,0
6/4/20,Kazakhstan,531,71,5,2
7/4/20,Kazakhstan,670,139,6,1
8/4/20,Kazakhstan,704,34,6,0
9/4/20,Kazakhstan,759,55,7,1
10/4/20,Kazakhstan,802,43,9,2
11/4/20,Kazakhstan,840,38,10,1
12/4/20,Kazakhstan,880,40,10,0
13/4/20,Kazakhstan,961,81,10,0
14/4/20,Kazakhstan,1179,218,14,4
15/4/20,Kazakhstan,1267,88,14,0
16/4/20,Kazakhstan,1331,64,16,2
17/4/20,Kazakhstan,1470,139,17,1
18/4/20,Kazakhstan,1591,121,17,0
19/4/20,Kazakhstan,1654,63,17,0
20/4/20,Kazakhstan,1735,81,19,2
21/4/20,Kazakhstan,1949,214,19,0
22/4/20,Kazakhstan,2025,76,19,0
23/4/20,Kazakhstan,2191,166,19,0
24/4/20,Kazakhstan,2334,143,22,3
25/4/20,Kazakhstan,2482,148,25,3
26/4/20,Kazakhstan,2652,170,25,0
27/4/20,Kazakhstan,2717,65,25,0
28/4/20,Kazakhstan,2860,143,25,0
29/4/20,Kazakhstan,3063,203,25,0
30/4/20,Kazakhstan,3205,142,25,0
1/5/20,Kazakhstan,3504,299,25,0
2/5/20,Kazakhstan,3671,167,25,0
3/5/20,Kazakhstan,3877,206,25,0
4/5/20,Kazakhstan,3964,87,27,2
5/5/20,Kazakhstan,4121,157,29,2
6/5/20,Kazakhstan,4277,156,29,0
7/5/20,Kazakhstan,4502,225,30,1
8/5/20,Kazakhstan,4690,188,31,1
9/5/20,Kazakhstan,4834,144,31,0
10/5/20,Kazakhstan,5036,202,31,0
11/5/20,Kazakhstan,5126,90,31,0
12/5/20,Kazakhstan,5240,114,32,1
13/5/20,Kazakhstan,5417,177,32,0
14/5/20,Kazakhstan,5571,154,32,0
15/5/20,Kazakhstan,5571,0,32,0
16/5/20,Kazakhstan,5850,279,34,2
17/5/20,Kazakhstan,6157,307,34,0
18/5/20,Kazakhstan,6440,283,34,0
19/5/20,Kazakhstan,6751,311,35,1
20/5/20,Kazakhstan,6969,218,35,0
21/5/20,Kazakhstan,7234,265,35,0
22/5/20,Kazakhstan,7597,363,35,0
23/5/20,Kazakhstan,7919,322,35,0
24/5/20,Kazakhstan,8322,403,35,0
25/5/20,Kazakhstan,8531,209,35,0
26/5/20,Kazakhstan,8969,438,35,0
27/5/20,Kazakhstan,9304,335,37,2
28/5/20,Kazakhstan,9576,272,37,0
29/5/20,Kazakhstan,9932,356,37,0
30/5/20,Kazakhstan,10382,450,37,0
31/5/20,Kazakhstan,10858,476,38,1
1/6/20,Kazakhstan,11308,450,41,3
2/6/20,Kazakhstan,11571,263,41,0
3/6/20,Kazakhstan,11796,225,44,3
4/6/20,Kazakhstan,12067,271,48,4
5/6/20,Kazakhstan,12312,245,52,4
6/6/20,Kazakhstan,12511,199,52,0
7/6/20,Kazakhstan,12694,183,53,1
8/6/20,Kazakhstan,12859,165,56,3
9/6/20,Kazakhstan,13074,215,58,2
10/6/20,Kazakhstan,13319,245,61,3
11/6/20,Kazakhstan,13558,239,67,6
12/6/20,Kazakhstan,13872,314,67,0
13/6/20,Kazakhstan,14238,366,70,3
14/6/20,Kazakhstan,14496,258,73,3
15/6/20,Kazakhstan,14809,313,77,4
16/6/20,Kazakhstan,15192,383,81,4
17/6/20,Kazakhstan,15542,350,88,7
18/6/20,Kazakhstan,15877,335,100,12
19/6/20,Kazakhstan,16351,474,105,5
20/6/20,Kazakhstan,16779,428,113,8
21/6/20,Kazakhstan,17225,446,118,5
22/6/20,Kazakhstan,17732,507,120,2
23/6/20,Kazakhstan,18231,499,127,7
24/6/20,Kazakhstan,18765,534,134,7
25/6/20,Kazakhstan,19285,520,136,2
26/6/20,Kazakhstan,19750,465,147,11
27/6/20,Kazakhstan,20319,569,150,3
31/12/19,Malaysia,0,0,0,0
1/1/20,Malaysia,0,0,0,0
2/1/20,Malaysia,0,0,0,0
3/1/20,Malaysia,0,0,0,0
4/1/20,Malaysia,0,0,0,0
5/1/20,Malaysia,0,0,0,0
6/1/20,Malaysia,0,0,0,0
7/1/20,Malaysia,0,0,0,0
8/1/20,Malaysia,0,0,0,0
9/1/20,Malaysia,0,0,0,0
10/1/20,Malaysia,0,0,0,0
11/1/20,Malaysia,0,0,0,0
12/1/20,Malaysia,0,0,0,0
13/1/20,Malaysia,0,0,0,0
14/1/20,Malaysia,0,0,0,0
15/1/20,Malaysia,0,0,0,0
16/1/20,Malaysia,0,0,0,0
17/1/20,Malaysia,0,0,0,0
18/1/20,Malaysia,0,0,0,0
19/1/20,Malaysia,0,0,0,0
20/1/20,Malaysia,0,0,0,0
21/1/20,Malaysia,0,0,0,0
22/1/20,Malaysia,0,0,0,0
23/1/20,Malaysia,0,0,0,0
24/1/20,Malaysia,0,0,0,0
25/1/20,Malaysia,3,3,0,0
26/1/20,Malaysia,4,1,0,0
27/1/20,Malaysia,4,0,0,0
28/1/20,Malaysia,4,0,0,0
29/1/20,Malaysia,7,3,0,0
30/1/20,Malaysia,7,0,0,0
31/1/20,Malaysia,8,1,0,0
1/2/20,Malaysia,8,0,0,0
2/2/20,Malaysia,8,0,0,0
3/2/20,Malaysia,8,0,0,0
4/2/20,Malaysia,8,0,0,0
5/2/20,Malaysia,10,2,0,0
6/2/20,Malaysia,12,2,0,0
7/2/20,Malaysia,14,2,0,0
8/2/20,Malaysia,15,1,0,0
9/2/20,Malaysia,16,1,0,0
10/2/20,Malaysia,18,2,0,0
11/2/20,Malaysia,18,0,0,0
12/2/20,Malaysia,18,0,0,0
13/2/20,Malaysia,18,0,0,0
14/2/20,Malaysia,19,1,0,0
15/2/20,Malaysia,21,2,0,0
16/2/20,Malaysia,22,1,0,0
17/2/20,Malaysia,22,0,0,0
18/2/20,Malaysia,22,0,0,0
19/2/20,Malaysia,22,0,0,0
20/2/20,Malaysia,22,0,0,0
21/2/20,Malaysia,22,0,0,0
22/2/20,Malaysia,22,0,0,0
23/2/20,Malaysia,22,0,0,0
24/2/20,Malaysia,22,0,0,0
25/2/20,Malaysia,22,0,0,0
26/2/20,Malaysia,22,0,0,0
27/2/20,Malaysia,22,0,0,0
28/2/20,Malaysia,23,1,0,0
29/2/20,Malaysia,25,2,0,0
1/3/20,Malaysia,25,0,0,0
2/3/20,Malaysia,29,4,0,0
3/3/20,Malaysia,NaN,NaN,NaN,NaN
4/3/20,Malaysia,36,7,0,0
5/3/20,Malaysia,50,14,0,0
6/3/20,Malaysia,50,0,0,0
7/3/20,Malaysia,83,33,0,0
8/3/20,Malaysia,93,10,0,0
9/3/20,Malaysia,99,6,0,0
10/3/20,Malaysia,117,18,0,0
11/3/20,Malaysia,129,12,0,0
12/3/20,Malaysia,149,20,0,0
13/3/20,Malaysia,158,9,0,0
14/3/20,Malaysia,197,39,0,0
15/3/20,Malaysia,238,41,0,0
16/3/20,Malaysia,428,190,0,0
17/3/20,Malaysia,553,125,0,0
18/3/20,Malaysia,673,120,2,2
19/3/20,Malaysia,790,117,2,0
20/3/20,Malaysia,900,110,2,0
21/3/20,Malaysia,1030,130,2,0
22/3/20,Malaysia,1183,153,4,2
23/3/20,Malaysia,1306,123,10,6
24/3/20,Malaysia,1518,212,14,4
25/3/20,Malaysia,1624,106,15,1
26/3/20,Malaysia,1796,172,19,4
27/3/20,Malaysia,2031,235,23,4
28/3/20,Malaysia,2161,130,26,3
29/3/20,Malaysia,2320,159,27,1
30/3/20,Malaysia,2470,150,34,7
31/3/20,Malaysia,2626,156,37,3
1/4/20,Malaysia,2766,140,43,6
2/4/20,Malaysia,2908,142,45,2
3/4/20,Malaysia,3116,208,50,5
4/4/20,Malaysia,3333,217,53,3
5/4/20,Malaysia,3483,150,57,4
6/4/20,Malaysia,3662,179,61,4
7/4/20,Malaysia,3793,131,62,1
8/4/20,Malaysia,3963,170,63,1
9/4/20,Malaysia,4119,156,65,2
10/4/20,Malaysia,4228,109,67,2
11/4/20,Malaysia,4346,118,70,3
12/4/20,Malaysia,4530,184,73,3
13/4/20,Malaysia,4683,153,76,3
14/4/20,Malaysia,4817,134,77,1
15/4/20,Malaysia,4987,170,82,5
16/4/20,Malaysia,5072,85,83,1
17/4/20,Malaysia,5182,110,84,1
18/4/20,Malaysia,5251,69,86,2
19/4/20,Malaysia,5305,54,88,2
20/4/20,Malaysia,5389,84,89,1
21/4/20,Malaysia,5425,36,89,0
22/4/20,Malaysia,5482,57,92,3
23/4/20,Malaysia,5532,50,93,1
24/4/20,Malaysia,5603,71,95,2
25/4/20,Malaysia,5691,88,96,1
26/4/20,Malaysia,5742,51,98,2
27/4/20,Malaysia,5780,38,98,0
28/4/20,Malaysia,5820,40,99,1
29/4/20,Malaysia,5851,31,100,1
30/4/20,Malaysia,5945,94,100,0
1/5/20,Malaysia,6002,57,102,2
2/5/20,Malaysia,6071,69,103,1
3/5/20,Malaysia,6176,105,103,0
4/5/20,Malaysia,6298,122,105,2
5/5/20,Malaysia,6353,55,105,0
6/5/20,Malaysia,6383,30,106,1
7/5/20,Malaysia,6428,45,107,1
8/5/20,Malaysia,6467,39,107,0
9/5/20,Malaysia,6535,68,107,0
10/5/20,Malaysia,6589,54,108,1
11/5/20,Malaysia,6656,67,108,0
12/5/20,Malaysia,6726,70,109,1
13/5/20,Malaysia,6742,16,109,0
14/5/20,Malaysia,6779,37,111,2
15/5/20,Malaysia,6819,40,112,1
16/5/20,Malaysia,6855,36,112,0
17/5/20,Malaysia,6872,17,113,1
18/5/20,Malaysia,6894,22,113,0
19/5/20,Malaysia,6941,47,113,0
20/5/20,Malaysia,6978,37,114,1
21/5/20,Malaysia,7009,31,114,0
22/5/20,Malaysia,7059,50,114,0
23/5/20,Malaysia,7137,78,115,1
24/5/20,Malaysia,7185,48,115,0
25/5/20,Malaysia,7245,60,115,0
26/5/20,Malaysia,7417,172,115,0
27/5/20,Malaysia,7604,187,115,0
28/5/20,Malaysia,7619,15,115,0
29/5/20,Malaysia,7629,10,115,0
30/5/20,Malaysia,7732,103,115,0
31/5/20,Malaysia,7762,30,115,0
1/6/20,Malaysia,7819,57,115,0
2/6/20,Malaysia,7857,38,115,0
3/6/20,Malaysia,7877,20,115,0
4/6/20,Malaysia,7970,93,115,0
5/6/20,Malaysia,7970,0,115,0
6/6/20,Malaysia,8266,296,116,1
7/6/20,Malaysia,8303,37,117,1
8/6/20,Malaysia,8322,19,117,0
9/6/20,Malaysia,8329,7,117,0
10/6/20,Malaysia,8336,7,117,0
11/6/20,Malaysia,8338,2,118,1
12/6/20,Malaysia,8369,31,118,0
13/6/20,Malaysia,8402,33,119,1
14/6/20,Malaysia,8445,43,120,1
15/6/20,Malaysia,8453,8,121,1
16/6/20,Malaysia,8494,41,121,0
17/6/20,Malaysia,8505,11,121,0
18/6/20,Malaysia,8515,10,121,0
19/6/20,Malaysia,8529,14,121,0
20/6/20,Malaysia,8535,6,121,0
21/6/20,Malaysia,8556,21,121,0
22/6/20,Malaysia,8572,16,121,0
23/6/20,Malaysia,8587,15,121,0
24/6/20,Malaysia,8590,3,121,0
25/6/20,Malaysia,8596,6,121,0
26/6/20,Malaysia,8600,4,121,0
27/6/20,Malaysia,8606,6,121,0
31/12/19,Nepal,0,0,0,0
1/1/20,Nepal,0,0,0,0
2/1/20,Nepal,0,0,0,0
3/1/20,Nepal,0,0,0,0
4/1/20,Nepal,0,0,0,0
5/1/20,Nepal,0,0,0,0
6/1/20,Nepal,0,0,0,0
7/1/20,Nepal,0,0,0,0
8/1/20,Nepal,0,0,0,0
9/1/20,Nepal,0,0,0,0
10/1/20,Nepal,0,0,0,0
11/1/20,Nepal,0,0,0,0
12/1/20,Nepal,0,0,0,0
13/1/20,Nepal,0,0,0,0
14/1/20,Nepal,0,0,0,0
15/1/20,Nepal,0,0,0,0
16/1/20,Nepal,0,0,0,0
17/1/20,Nepal,0,0,0,0
18/1/20,Nepal,0,0,0,0
19/1/20,Nepal,0,0,0,0
20/1/20,Nepal,0,0,0,0
21/1/20,Nepal,0,0,0,0
22/1/20,Nepal,0,0,0,0
23/1/20,Nepal,0,0,0,0
24/1/20,Nepal,0,0,0,0
25/1/20,Nepal,1,1,0,0
26/1/20,Nepal,1,0,0,0
27/1/20,Nepal,1,0,0,0
28/1/20,Nepal,1,0,0,0
29/1/20,Nepal,1,0,0,0
30/1/20,Nepal,1,0,0,0
31/1/20,Nepal,1,0,0,0
1/2/20,Nepal,1,0,0,0
2/2/20,Nepal,1,0,0,0
3/2/20,Nepal,1,0,0,0
4/2/20,Nepal,1,0,0,0
5/2/20,Nepal,1,0,0,0
6/2/20,Nepal,1,0,0,0
7/2/20,Nepal,1,0,0,0
8/2/20,Nepal,1,0,0,0
9/2/20,Nepal,1,0,0,0
10/2/20,Nepal,1,0,0,0
11/2/20,Nepal,1,0,0,0
12/2/20,Nepal,1,0,0,0
13/2/20,Nepal,1,0,0,0
14/2/20,Nepal,1,0,0,0
15/2/20,Nepal,1,0,0,0
16/2/20,Nepal,1,0,0,0
17/2/20,Nepal,1,0,0,0
18/2/20,Nepal,1,0,0,0
19/2/20,Nepal,1,0,0,0
20/2/20,Nepal,1,0,0,0
21/2/20,Nepal,1,0,0,0
22/2/20,Nepal,1,0,0,0
23/2/20,Nepal,1,0,0,0
24/2/20,Nepal,1,0,0,0
25/2/20,Nepal,1,0,0,0
26/2/20,Nepal,1,0,0,0
27/2/20,Nepal,1,0,0,0
28/2/20,Nepal,1,0,0,0
29/2/20,Nepal,1,0,0,0
1/3/20,Nepal,1,0,0,0
2/3/20,Nepal,1,0,0,0
3/3/20,Nepal,NaN,NaN,NaN,NaN
4/3/20,Nepal,NaN,NaN,NaN,NaN
5/3/20,Nepal,NaN,NaN,NaN,NaN
6/3/20,Nepal,NaN,NaN,NaN,NaN
7/3/20,Nepal,NaN,NaN,NaN,NaN
8/3/20,Nepal,NaN,NaN,NaN,NaN
9/3/20,Nepal,NaN,NaN,NaN,NaN
10/3/20,Nepal,NaN,NaN,NaN,NaN
11/3/20,Nepal,NaN,NaN,NaN,NaN
12/3/20,Nepal,NaN,NaN,NaN,NaN
13/3/20,Nepal,NaN,NaN,NaN,NaN
14/3/20,Nepal,NaN,NaN,NaN,NaN
15/3/20,Nepal,1,0,0,0
16/3/20,Nepal,NaN,NaN,NaN,NaN
17/3/20,Nepal,1,0,0,0
18/3/20,Nepal,1,0,0,0
19/3/20,Nepal,1,0,0,0
20/3/20,Nepal,1,0,0,0
21/3/20,Nepal,1,0,0,0
22/3/20,Nepal,1,0,0,0
23/3/20,Nepal,1,0,0,0
24/3/20,Nepal,2,1,0,0
25/3/20,Nepal,3,1,0,0
26/3/20,Nepal,3,0,0,0
27/3/20,Nepal,3,0,0,0
28/3/20,Nepal,3,0,0,0
29/3/20,Nepal,5,2,0,0
30/3/20,Nepal,5,0,0,0
31/3/20,Nepal,5,0,0,0
1/4/20,Nepal,5,0,0,0
2/4/20,Nepal,5,0,0,0
3/4/20,Nepal,5,0,0,0
4/4/20,Nepal,6,1,0,0
5/4/20,Nepal,6,0,0,0
6/4/20,Nepal,9,3,0,0
7/4/20,Nepal,9,0,0,0
8/4/20,Nepal,9,0,0,0
9/4/20,Nepal,9,0,0,0
10/4/20,Nepal,9,0,0,0
11/4/20,Nepal,9,0,0,0
12/4/20,Nepal,9,0,0,0
13/4/20,Nepal,12,3,0,0
14/4/20,Nepal,14,2,0,0
15/4/20,Nepal,16,2,0,0
16/4/20,Nepal,16,0,0,0
17/4/20,Nepal,16,0,0,0
18/4/20,Nepal,30,14,0,0
19/4/20,Nepal,31,1,0,0
20/4/20,Nepal,31,0,0,0
21/4/20,Nepal,31,0,0,0
22/4/20,Nepal,42,11,0,0
23/4/20,Nepal,45,3,0,0
24/4/20,Nepal,48,3,0,0
25/4/20,Nepal,49,1,0,0
26/4/20,Nepal,49,0,0,0
27/4/20,Nepal,52,3,0,0
28/4/20,Nepal,52,0,0,0
29/4/20,Nepal,54,2,0,0
30/4/20,Nepal,57,3,0,0
1/5/20,Nepal,57,0,0,0
2/5/20,Nepal,59,2,0,0
3/5/20,Nepal,59,0,0,0
4/5/20,Nepal,75,16,0,0
5/5/20,Nepal,82,7,0,0
6/5/20,Nepal,82,0,0,0
7/5/20,Nepal,99,17,0,0
8/5/20,Nepal,101,2,0,0
9/5/20,Nepal,101,0,0,0
10/5/20,Nepal,109,8,0,0
11/5/20,Nepal,120,11,0,0
12/5/20,Nepal,134,14,0,0
13/5/20,Nepal,217,83,0,0
14/5/20,Nepal,219,2,0,0
15/5/20,Nepal,258,39,0,0
16/5/20,Nepal,276,18,0,0
17/5/20,Nepal,291,15,1,1
18/5/20,Nepal,304,13,2,1
19/5/20,Nepal,375,71,2,0
20/5/20,Nepal,402,27,2,0
21/5/20,Nepal,444,42,2,0
22/5/20,Nepal,487,43,3,1
23/5/20,Nepal,548,61,3,0
24/5/20,Nepal,584,36,3,0
25/5/20,Nepal,603,19,3,0
26/5/20,Nepal,682,79,4,1
27/5/20,Nepal,772,90,4,0
28/5/20,Nepal,886,114,4,0
29/5/20,Nepal,1042,156,5,1
30/5/20,Nepal,1212,170,6,1
31/5/20,Nepal,1401,189,6,0
1/6/20,Nepal,1572,171,8,2
2/6/20,Nepal,1798,226,8,0
3/6/20,Nepal,2099,301,8,0
4/6/20,Nepal,2300,201,9,1
5/6/20,Nepal,2634,334,10,1
6/6/20,Nepal,2912,278,11,1
7/6/20,Nepal,2912,0,11,0
8/6/20,Nepal,3448,536,13,2
9/6/20,Nepal,3762,314,14,1
10/6/20,Nepal,4085,323,15,1
11/6/20,Nepal,4364,279,15,0
12/6/20,Nepal,4614,250,15,0
13/6/20,Nepal,5062,448,16,1
14/6/20,Nepal,5335,273,18,2
15/6/20,Nepal,5760,425,19,1
16/6/20,Nepal,6211,451,19,0
17/6/20,Nepal,6591,380,19,0
18/6/20,Nepal,7177,586,20,1
19/6/20,Nepal,7848,671,22,2
20/6/20,Nepal,8274,426,22,0
21/6/20,Nepal,8605,331,22,0
22/6/20,Nepal,9026,421,23,1
23/6/20,Nepal,9026,0,23,0
24/6/20,Nepal,9026,0,23,0
25/6/20,Nepal,10728,1702,23,0
26/6/20,Nepal,11162,434,26,3
27/6/20,Nepal,11755,593,27,1
31/12/19,Philippines,0,0,0,0
1/1/20,Philippines,0,0,0,0
2/1/20,Philippines,0,0,0,0
3/1/20,Philippines,0,0,0,0
4/1/20,Philippines,0,0,0,0
5/1/20,Philippines,0,0,0,0
6/1/20,Philippines,0,0,0,0
7/1/20,Philippines,0,0,0,0
8/1/20,Philippines,0,0,0,0
9/1/20,Philippines,0,0,0,0
10/1/20,Philippines,0,0,0,0
11/1/20,Philippines,0,0,0,0
12/1/20,Philippines,0,0,0,0
13/1/20,Philippines,0,0,0,0
14/1/20,Philippines,0,0,0,0
15/1/20,Philippines,0,0,0,0
16/1/20,Philippines,0,0,0,0
17/1/20,Philippines,0,0,0,0
18/1/20,Philippines,0,0,0,0
19/1/20,Philippines,0,0,0,0
20/1/20,Philippines,0,0,0,0
21/1/20,Philippines,0,0,0,0
22/1/20,Philippines,0,0,0,0
23/1/20,Philippines,0,0,0,0
24/1/20,Philippines,0,0,0,0
25/1/20,Philippines,0,0,0,0
26/1/20,Philippines,0,0,0,0
27/1/20,Philippines,0,0,0,0
28/1/20,Philippines,0,0,0,0
29/1/20,Philippines,0,0,0,0
30/1/20,Philippines,1,1,0,0
31/1/20,Philippines,1,0,0,0
1/2/20,Philippines,1,0,0,0
2/2/20,Philippines,2,1,1,1
3/2/20,Philippines,2,0,1,0
4/2/20,Philippines,2,0,1,0
5/2/20,Philippines,2,0,1,0
6/2/20,Philippines,3,1,1,0
7/2/20,Philippines,3,0,1,0
8/2/20,Philippines,3,0,1,0
9/2/20,Philippines,3,0,1,0
10/2/20,Philippines,3,0,1,0
11/2/20,Philippines,3,0,1,0
12/2/20,Philippines,3,0,1,0
13/2/20,Philippines,3,0,1,0
14/2/20,Philippines,3,0,1,0
15/2/20,Philippines,3,0,1,0
16/2/20,Philippines,3,0,1,0
17/2/20,Philippines,3,0,1,0
18/2/20,Philippines,3,0,1,0
19/2/20,Philippines,3,0,1,0
20/2/20,Philippines,3,0,1,0
21/2/20,Philippines,3,0,1,0
22/2/20,Philippines,3,0,1,0
23/2/20,Philippines,3,0,1,0
24/2/20,Philippines,3,0,1,0
25/2/20,Philippines,3,0,1,0
26/2/20,Philippines,3,0,1,0
27/2/20,Philippines,3,0,1,0
28/2/20,Philippines,3,0,1,0
29/2/20,Philippines,3,0,1,0
1/3/20,Philippines,3,0,1,0
2/3/20,Philippines,3,0,1,0
7/3/20,Philippines,5,2,1,0
8/3/20,Philippines,6,1,1,0
9/3/20,Philippines,10,4,1,0
10/3/20,Philippines,33,23,1,0
11/3/20,Philippines,33,0,1,0
12/3/20,Philippines,49,16,2,1
13/3/20,Philippines,52,3,2,0
14/3/20,Philippines,64,12,6,4
15/3/20,Philippines,111,47,6,0
16/3/20,Philippines,140,29,12,6
17/3/20,Philippines,142,2,12,0
18/3/20,Philippines,187,45,14,2
19/3/20,Philippines,202,15,17,3
20/3/20,Philippines,230,28,18,1
21/3/20,Philippines,230,0,18,0
22/3/20,Philippines,380,150,25,7
23/3/20,Philippines,380,0,25,0
24/3/20,Philippines,462,82,33,8
25/3/20,Philippines,552,90,35,2
26/3/20,Philippines,636,84,38,3
27/3/20,Philippines,707,71,45,7
28/3/20,Philippines,803,96,54,9
29/3/20,Philippines,1075,272,68,14
30/3/20,Philippines,1418,343,71,3
31/3/20,Philippines,2084,666,88,17
1/4/20,Philippines,2084,0,88,0
2/4/20,Philippines,2311,227,96,8
3/4/20,Philippines,2633,322,107,11
4/4/20,Philippines,3018,385,136,29
5/4/20,Philippines,3094,76,144,8
6/4/20,Philippines,3246,152,152,8
7/4/20,Philippines,3660,414,163,11
8/4/20,Philippines,3764,104,177,14
9/4/20,Philippines,3870,106,182,5
10/4/20,Philippines,4076,206,203,21
11/4/20,Philippines,4076,0,203,0
12/4/20,Philippines,4428,352,247,44
13/4/20,Philippines,4648,220,297,50
14/4/20,Philippines,4932,284,315,18
15/4/20,Philippines,5223,291,335,20
16/4/20,Philippines,5453,230,349,14
17/4/20,Philippines,5660,207,362,13
18/4/20,Philippines,5878,218,387,25
19/4/20,Philippines,6087,209,397,10
20/4/20,Philippines,6259,172,409,12
21/4/20,Philippines,6459,200,428,19
22/4/20,Philippines,6599,140,437,9
23/4/20,Philippines,6710,111,446,9
24/4/20,Philippines,6981,271,462,16
25/4/20,Philippines,7192,211,477,15
26/4/20,Philippines,7294,102,494,17
27/4/20,Philippines,7579,285,501,7
28/4/20,Philippines,7777,198,511,10
29/4/20,Philippines,7958,181,530,19
30/4/20,Philippines,8212,254,558,28
1/5/20,Philippines,8488,276,568,10
2/5/20,Philippines,8772,284,579,11
3/5/20,Philippines,8928,156,603,24
4/5/20,Philippines,9223,295,607,4
5/5/20,Philippines,9485,262,623,16
6/5/20,Philippines,9684,199,637,14
7/5/20,Philippines,10004,320,658,21
8/5/20,Philippines,10343,339,685,27
9/5/20,Philippines,10463,120,696,11
10/5/20,Philippines,10610,147,704,8
11/5/20,Philippines,10794,184,719,15
12/5/20,Philippines,11086,292,726,7
13/5/20,Philippines,11350,264,751,25
14/5/20,Philippines,11618,268,772,21
15/5/20,Philippines,11876,258,790,18
16/5/20,Philippines,12091,215,806,16
17/5/20,Philippines,12305,214,817,11
18/5/20,Philippines,12513,208,824,7
19/5/20,Philippines,12718,205,831,7
20/5/20,Philippines,12942,224,837,6
21/5/20,Philippines,13221,279,842,5
22/5/20,Philippines,13434,213,846,4
23/5/20,Philippines,13597,163,857,11
24/5/20,Philippines,13777,180,863,6
25/5/20,Philippines,14035,258,868,5
26/5/20,Philippines,14319,284,873,5
27/5/20,Philippines,14669,350,886,13
28/5/20,Philippines,15049,380,904,18
29/5/20,Philippines,15588,539,921,17
30/5/20,Philippines,16634,1046,942,21
31/5/20,Philippines,17224,590,950,8
1/6/20,Philippines,18086,862,957,7
2/6/20,Philippines,18638,552,960,3
3/6/20,Philippines,18997,359,966,6
4/6/20,Philippines,19748,751,974,8
5/6/20,Philippines,20382,634,984,10
6/6/20,Philippines,20626,244,987,3
7/6/20,Philippines,21340,714,994,7
8/6/20,Philippines,21895,555,1003,9
9/6/20,Philippines,22474,579,1011,8
10/6/20,Philippines,22992,518,1017,6
11/6/20,Philippines,23732,740,1027,10
12/6/20,Philippines,24175,443,1036,9
13/6/20,Philippines,24787,612,1052,16
14/6/20,Philippines,25392,605,1074,22
15/6/20,Philippines,25930,538,1088,14
16/6/20,Philippines,26420,490,1098,10
17/6/20,Philippines,26781,361,1103,5
18/6/20,Philippines,27238,457,1108,5
19/6/20,Philippines,27799,561,1116,8
20/6/20,Philippines,28459,660,1130,14
21/6/20,Philippines,29400,941,1150,20
22/6/20,Philippines,30052,652,1169,19
23/6/20,Philippines,30682,630,1177,8
24/6/20,Philippines,31825,1143,1186,9
25/6/20,Philippines,32295,470,1204,18
26/6/20,Philippines,33069,774,1212,8
27/6/20,Philippines,34073,1004,1224,12
31/12/19,Spain,0,0,0,0
1/1/20,Spain,0,0,0,0
2/1/20,Spain,0,0,0,0
3/1/20,Spain,0,0,0,0
4/1/20,Spain,0,0,0,0
5/1/20,Spain,0,0,0,0
6/1/20,Spain,0,0,0,0
7/1/20,Spain,0,0,0,0
8/1/20,Spain,0,0,0,0
9/1/20,Spain,0,0,0,0
10/1/20,Spain,0,0,0,0
11/1/20,Spain,0,0,0,0
12/1/20,Spain,0,0,0,0
13/1/20,Spain,0,0,0,0
14/1/20,Spain,0,0,0,0
15/1/20,Spain,0,0,0,0
16/1/20,Spain,0,0,0,0
17/1/20,Spain,0,0,0,0
18/1/20,Spain,0,0,0,0
19/1/20,Spain,0,0,0,0
20/1/20,Spain,0,0,0,0
21/1/20,Spain,0,0,0,0
22/1/20,Spain,0,0,0,0
23/1/20,Spain,0,0,0,0
24/1/20,Spain,0,0,0,0
25/1/20,Spain,0,0,0,0
26/1/20,Spain,0,0,0,0
27/1/20,Spain,0,0,0,0
28/1/20,Spain,0,0,0,0
29/1/20,Spain,0,0,0,0
30/1/20,Spain,0,0,0,0
31/1/20,Spain,0,0,0,0
1/2/20,Spain,1,1,0,0
2/2/20,Spain,1,0,0,0
3/2/20,Spain,1,0,0,0
4/2/20,Spain,1,0,0,0
5/2/20,Spain,1,0,0,0
6/2/20,Spain,1,0,0,0
7/2/20,Spain,1,0,0,0
8/2/20,Spain,1,0,0,0
9/2/20,Spain,1,0,0,0
10/2/20,Spain,2,1,0,0
11/2/20,Spain,2,0,0,0
12/2/20,Spain,2,0,0,0
13/2/20,Spain,2,0,0,0
14/2/20,Spain,2,0,0,0
15/2/20,Spain,2,0,0,0
16/2/20,Spain,2,0,0,0
17/2/20,Spain,2,0,0,0
18/2/20,Spain,2,0,0,0
19/2/20,Spain,2,0,0,0
20/2/20,Spain,2,0,0,0
21/2/20,Spain,2,0,0,0
22/2/20,Spain,2,0,0,0
23/2/20,Spain,2,0,0,0
24/2/20,Spain,2,0,0,0
25/2/20,Spain,3,1,0,0
26/2/20,Spain,9,6,0,0
27/2/20,Spain,17,8,0,0
28/2/20,Spain,35,18,0,0
29/2/20,Spain,54,19,0,0
1/3/20,Spain,82,28,0,0
2/3/20,Spain,136,54,0,0
3/3/20,Spain,192,56,0,0
4/3/20,Spain,267,75,0,0
5/3/20,Spain,348,81,1,1
6/3/20,Spain,531,183,3,2
7/3/20,Spain,764,233,5,2
8/3/20,Spain,1094,330,5,0
9/3/20,Spain,1527,433,5,0
10/3/20,Spain,2299,772,28,23
11/3/20,Spain,3274,975,35,7
12/3/20,Spain,4427,1153,47,12
13/3/20,Spain,5958,1531,84,37
14/3/20,Spain,7641,1683,121,37
15/3/20,Spain,9785,2144,136,15
16/3/20,Spain,11491,1706,288,152
17/3/20,Spain,13994,2503,309,21
18/3/20,Spain,17688,3694,491,182
19/3/20,Spain,21735,4047,598,107
20/3/20,Spain,26304,4569,767,169
21/3/20,Spain,31750,5446,1002,235
22/3/20,Spain,36616,4866,1326,324
23/3/20,Spain,41262,4646,1720,394
24/3/20,Spain,48953,7691,2182,462
25/3/20,Spain,57506,8553,2696,514
26/3/20,Spain,66460,8954,3434,738
27/3/20,Spain,75641,9181,4089,655
28/3/20,Spain,83885,8244,4858,769
29/3/20,Spain,90309,6424,5690,832
30/3/20,Spain,96122,5813,6528,838
31/3/20,Spain,104267,8145,7340,812
1/4/20,Spain,111680,7413,8189,849
2/4/20,Spain,119263,7583,9053,864
3/4/20,Spain,126535,7272,10003,950
4/4/20,Spain,133198,6663,10935,932
5/4/20,Spain,138731,5533,11744,809
6/4/20,Spain,142398,3667,12418,674
7/4/20,Spain,147607,5209,13055,637
8/4/20,Spain,153190,5583,13798,743
9/4/20,Spain,158935,5745,14555,757
10/4/20,Spain,163472,4537,15238,683
11/4/20,Spain,168022,4550,15843,605
12/4/20,Spain,171921,3899,16353,510
13/4/20,Spain,174951,3030,16972,619
14/4/20,Spain,178067,3116,17489,517
15/4/20,Spain,182491,4424,18276,787
16/4/20,Spain,186311,3820,18893,617
17/4/20,Spain,190129,3818,19478,585
18/4/20,Spain,193965,3836,20043,565
19/4/20,Spain,193252,-713,20453,410
20/4/20,Spain,195470,2218,20852,399
21/4/20,Spain,198421,2951,21282,430
22/4/20,Spain,200733,2312,21717,435
23/4/20,Spain,203649,2916,22157,440
24/4/20,Spain,205763,2114,22524,367
25/4/20,Spain,208269,2506,22902,378
26/4/20,Spain,209910,1641,23190,288
27/4/20,Spain,211570,1660,23190,0
28/4/20,Spain,213095,1525,23822,632
29/4/20,Spain,213942,847,24275,453
30/4/20,Spain,215183,1241,24543,268
1/5/20,Spain,216570,1387,24824,281
2/5/20,Spain,217804,1234,25100,276
3/5/20,Spain,218739,935,25264,164
4/5/20,Spain,219205,466,25428,164
5/5/20,Spain,220244,1039,25613,185
6/5/20,Spain,221124,880,25857,244
7/5/20,Spain,222045,921,26070,213
8/5/20,Spain,223218,1173,26251,181
9/5/20,Spain,223961,743,26478,227
10/5/20,Spain,227377,3416,26621,143
11/5/20,Spain,227770,393,26744,123
12/5/20,Spain,228252,482,26920,176
13/5/20,Spain,228691,439,27104,184
14/5/20,Spain,229540,849,27321,217
15/5/20,Spain,230183,643,27459,138
16/5/20,Spain,230698,515,27563,104
17/5/20,Spain,231350,652,27650,87
18/5/20,Spain,231606,256,27709,59
19/5/20,Spain,232037,431,27778,69
20/5/20,Spain,232555,518,27888,110
21/5/20,Spain,233037,482,27940,52
22/5/20,Spain,234824,1787,28628,688
23/5/20,Spain,235290,466,28678,50
24/5/20,Spain,235772,482,28752,74
25/5/20,Spain,235400,-372,26834,-1918
26/5/20,Spain,236259,859,27117,283
27/5/20,Spain,236769,510,27118,1
28/5/20,Spain,237906,1137,27119,1
29/5/20,Spain,238564,658,27121,2
30/5/20,Spain,239228,664,27125,4
31/5/20,Spain,239429,201,27127,2
1/6/20,Spain,239638,209,27127,0
2/6/20,Spain,239932,294,27127,0
3/6/20,Spain,240326,394,27128,1
4/6/20,Spain,240660,334,27133,5
5/6/20,Spain,240978,318,27134,1
6/6/20,Spain,241310,332,27135,1
7/6/20,Spain,241550,240,27136,1
8/6/20,Spain,241717,167,27136,0
9/6/20,Spain,241966,249,27136,0
10/6/20,Spain,242280,314,27136,0
11/6/20,Spain,242707,427,27136,0
12/6/20,Spain,243209,502,27136,0
13/6/20,Spain,243605,396,27136,0
14/6/20,Spain,243928,323,27136,0
15/6/20,Spain,244109,181,27136,0
16/6/20,Spain,244328,219,27136,0
17/6/20,Spain,244683,355,27136,0
18/6/20,Spain,245268,585,27136,0
19/6/20,Spain,245575,307,28315,1179
20/6/20,Spain,245938,363,28322,7
21/6/20,Spain,246272,334,28323,1
22/6/20,Spain,246504,232,28324,1
23/6/20,Spain,246752,248,28325,1
24/6/20,Spain,247086,334,28327,2
25/6/20,Spain,247486,400,28330,3
26/6/20,Spain,247905,419,28338,8
27/6/20,Spain,NaN,NaN,NaN,NaN